rank_mi,rank_t,freq,Freq(R),mi,t,collocate
11011,1,9731,4115,3.5729,90.356346,，/x
9275,4,3980,2941,3.7987,58.553779,了/ul
11515,2,5282,2082,3.3452,65.525871,的/uj
11475,3,4626,1865,3.3901,61.527022,。/x
11305,5,2174,885,3.4895,42.474861,他/r
4896,10,875,847,5.1236,28.731886,出现/v
12599,7,1213,688,3.1685,30.9545,在/p
8388,11,873,633,4.2167,27.95746,又/d
8336,13,651,576,4.289,24.209548,从/p
4925,14,542,528,5.0507,22.578473,变得/v
4976,17,480,466,4.9517,21.200946,发现/v
4897,16,495,461,5.1212,21.609358,之间/f
11427,6,1187,448,3.4232,31.241083,她/r
8391,18,485,407,4.1973,20.822259,起来/v
9258,15,586,396,3.8171,22.48994,一个/m
12738,22,435,373,3.1477,18.50327,：/x
10754,24,380,293,3.741,18.0357,一/m
5134,28,309,292,4.764,16.931423,听到/v
12853,23,436,252,3.0765,18.405335,地/uv
5571,34,275,238,4.7446,15.964557,一阵/m
5852,46,233,211,4.4408,14.561487,一声/m
9138,49,218,201,3.9181,13.788154,向/p
12561,42,271,191,3.2124,14.686048,来/v
5117,52,191,188,4.8355,13.336214,传来/v
4888,53,188,186,5.1683,13.330018,停住/v
9260,37,291,181,3.8158,15.847364,像/v
8614,54,198,181,4.0755,13.236608,叫/v
5133,58,173,171,4.7695,12.670699,变成/v
12415,8,1107,159,3.3177,29.934626,”/x
4906,62,164,159,5.0851,12.428967,停止/v
4979,66,160,158,4.9221,12.231884,产生/n
8471,67,164,151,4.1455,12.082642,出/v
5093,70,154,150,4.8805,11.98839,变/v
12460,41,273,145,3.2614,14.799687,他们/r
5844,60,174,141,4.4469,12.586075,发生/v
8972,63,174,141,4.003,12.368185,一种/m
9208,64,174,134,3.853,12.278024,使/v
5128,78,140,134,4.7846,11.402878,停/v
5750,75,144,132,4.574,11.496196,听见/v
12851,45,274,131,3.0797,14.595069,到/v
11328,30,334,128,3.4671,16.623008,里/f
5805,83,133,125,4.4953,11.021229,发出/v
12877,56,215,124,3.0579,12.902113,自己/r
8419,85,129,117,4.1913,10.736085,下来/t
4907,91,118,116,5.0779,10.541169,冒/v
12879,38,306,112,3.055,15.388055,上/f
5612,92,120,108,4.6344,10.513392,一下子/m
9272,55,200,107,3.8013,13.127719,声音/n
9037,82,140,103,3.9211,11.051076,一下/m
5135,100,109,102,4.7543,10.05347,决定/v
4931,101,104,102,5.0241,9.88462,停下/v
11394,68,177,101,3.4427,12.080557,—/x
12413,19,503,100,3.3291,20.196041,…/x
4882,104,100,95,5.2508,9.737361,发现自己/l
9276,99,121,91,3.7943,10.207128,出来/v
10804,44,253,88,3.6704,14.656673,中/f
8344,96,117,87,4.2745,10.257734,面前/f
4930,106,92,86,5.0255,9.297178,停下来/v
12507,84,152,84,3.223,11.008456,被/p
10897,89,134,84,3.6,10.621206,一样/r
12412,72,168,83,3.3306,11.673059,而/c
4884,110,85,83,5.2364,8.974985,冒出来/v
12849,51,232,80,3.0843,13.435664,"""/x"
8647,21,415,80,4.029,19.123659,会/v
12896,69,187,79,3.0315,12.002419,得/ud
10990,109,96,78,3.5934,8.986209,道/q
5620,120,81,76,4.5979,8.628341,脚步/n
4880,122,77,75,5.2978,8.551898,中断/ns
10755,94,125,71,3.7308,10.338205,感到/v
11471,71,169,68,3.3959,11.76495,这个/r
9000,97,120,66,3.9563,10.248756,似的/u
4887,140,66,66,5.1698,7.898348,发作/vn
5091,142,66,64,4.9035,7.8526,发觉/v
8598,132,76,62,4.107,8.211896,有人/r
9025,153,66,62,3.953,7.599461,一句/m
12418,98,130,61,3.3046,10.247834,这样/r
11476,77,161,59,3.3896,11.477891,；/x
5572,125,75,58,4.7435,8.336958,变化/vn
5092,155,60,56,4.8842,7.483671,亮/v
8650,129,78,56,4.0203,8.2875,一片/m
10896,95,126,55,3.6013,10.3001,因为/c
4894,171,54,54,5.1355,7.13942,冒出/v
11434,167,63,53,3.4113,7.191182,起/v
5831,176,54,52,4.475,7.018037,不见/v
9038,166,60,51,3.9198,7.23417,想起/v
8348,192,52,50,4.2671,6.83658,充满/a
10766,163,62,49,3.7116,7.272986,倒/v
4902,179,52,49,5.1045,7.001507,去世/t
10992,136,77,48,3.5904,8.046468,这么/r
12459,135,82,48,3.2619,8.1114,下/f
12492,86,144,47,3.238,10.728102,它/r
10872,190,56,47,3.6265,6.877402,跳/v
10811,193,55,47,3.6568,6.828189,以/p
9284,137,75,46,3.7889,8.033689,一只/m
12770,158,70,45,3.1198,7.40413,大/a
11052,123,86,45,3.5517,8.482766,",/x"
8334,209,46,44,4.3038,6.438929,冲/v
11284,143,74,44,3.5054,7.844808,那么/r
11517,133,83,43,3.3392,8.210228,觉得/v
12506,147,74,43,3.2269,7.683511,开始/v
12736,79,164,42,3.1513,11.364839,走/v
9024,93,123,42,3.9554,10.375628,脸/n
5863,126,76,41,4.4128,8.308529,眼前/t
4881,223,39,39,5.2627,6.082329,住口/n
12815,177,63,39,3.1075,7.016371,为/p
8342,33,288,39,4.2759,16.094555,时/n
9234,112,91,39,3.8483,8.877065,仿佛/d
8338,220,43,38,4.2854,6.221153,发/v
10836,229,43,38,3.6526,6.036006,住/v
10838,183,57,38,3.6363,6.942697,非常/d
8370,233,40,38,4.2305,5.98764,伸出/v
4890,232,38,38,5.1565,5.99158,中止/v
10809,128,81,37,3.6635,8.289719,话/n
11321,162,64,37,3.4769,7.28146,两个/m
12598,152,74,36,3.1693,7.646067,那个/r
5611,242,37,36,4.6374,5.838361,伸手/v
5756,174,54,35,4.5506,7.034896,念头/n
10810,105,107,34,3.6627,9.527281,后/f
5131,237,38,34,4.7754,5.939328,到来/d
5618,222,41,34,4.6263,6.143864,兴奋/v
11317,228,44,34,3.4814,6.039335,过来/t
12424,191,58,34,3.298,6.841461,跑/v
11064,139,75,34,3.5302,7.910664,一切/r
8985,256,36,34,3.9812,5.620082,不再/d
9157,168,59,34,3.8776,7.158579,像是/v
4903,254,34,33,5.1004,5.660981,发起/v
9139,201,50,33,3.9019,6.598024,消失/n
5841,276,32,32,4.4522,5.398432,严肃/a
11518,185,59,32,3.3348,6.919875,很/zg
8648,246,38,32,4.0282,5.786591,一把/m
11301,141,75,32,3.4976,7.893498,手/n
10769,116,90,31,3.7078,8.760766,好像/v
8335,231,40,31,4.2992,6.00331,一道/m
5862,245,37,31,4.415,5.797628,受到/v
11473,255,39,31,3.3914,5.649868,原来/d
11458,81,150,31,3.4013,11.088239,但/c
9151,90,129,31,3.8866,10.589924,然后/c
5829,282,31,30,4.4817,5.318557,冲动/vn
11484,238,43,30,3.3861,5.930209,说道/v
9296,196,53,29,3.7499,6.738967,想到/v
10993,261,37,29,3.5901,5.577667,一件/m
12900,199,57,28,3.0129,6.614514,做/v
11277,145,73,28,3.5134,7.795815,事情/n
9152,218,45,28,3.8842,6.253895,可怕/c
11390,184,58,27,3.4581,6.922797,那样/r
5807,299,29,27,4.4924,5.145912,惊醒/a
9256,202,50,27,3.8188,6.569991,后面/f
12733,169,65,27,3.1526,7.155653,东西/ns
12769,165,67,27,3.1202,7.243949,看到/v
9294,324,28,27,3.7672,4.902859,问道/n
11498,322,30,27,3.3714,4.947955,吓/v
10753,160,63,26,3.7423,7.344143,感觉/n
10786,253,38,26,3.688,5.686106,喊/v
10767,258,37,26,3.7114,5.6184,十分/m
11511,214,50,26,3.3493,6.37727,脸上/s
8469,308,29,26,4.1484,5.081498,一股/m
5760,260,34,26,4.5397,5.580245,背后/f
11327,283,34,25,3.4681,5.304044,新/a
11002,217,47,25,3.5856,6.284622,人们/n
10834,319,29,25,3.6537,4.95727,双手/n
12567,241,43,25,3.2065,5.847082,明白/nr
11492,180,60,24,3.3775,7.000663,女人/n
12878,234,46,24,3.0575,5.967665,笑/v
12563,157,69,24,3.2097,7.408792,这种/r
12566,210,52,24,3.2087,6.431134,头/n
9295,121,86,24,3.7668,8.59231,接着/c
4973,344,24,24,4.9656,4.742193,传出/v
11504,213,50,24,3.364,6.384278,母亲/n
11292,335,28,24,3.4983,4.823257,大声/m
5875,342,25,24,4.364,4.757183,举起/v
11496,115,95,24,3.3733,8.806221,眼睛/n
11474,159,66,23,3.3906,7.349372,似乎/d
11302,290,33,23,3.4966,5.235609,一条/m
8360,307,29,23,4.2386,5.099902,全身/n
11004,230,43,23,3.5812,6.009557,有些/r
11512,208,51,23,3.3491,6.440588,吃/v
12447,235,44,23,3.2707,5.945953,而且/c
10757,181,57,23,3.7248,6.978797,说话/v
12887,303,34,23,3.0473,5.125575,几乎/d
10898,236,42,22,3.5979,5.945491,回来/v
11490,292,33,22,3.3792,5.192478,所有/b
8484,364,24,22,4.1124,4.615752,响起/v
4924,359,23,22,5.051,4.651172,冲出/v
11318,360,26,22,3.4807,4.642253,抓住/v
10752,154,67,22,3.7427,7.573894,不知/v
8642,271,34,22,4.0473,5.478263,想法/v
11521,331,29,22,3.3348,4.851447,坐/v
9039,279,33,22,3.9198,5.365004,转身/v
12584,275,37,21,3.1956,5.418806,身上/s
12508,318,31,21,3.2229,4.971448,地上/s
12494,346,28,21,3.2353,4.729608,另/r
12586,187,60,21,3.1919,6.898304,这些/r
12821,250,42,21,3.0978,5.723745,小/a
8482,215,45,21,4.1263,6.324072,黑暗/z
9235,131,78,21,3.8455,8.217363,这里/r
8973,312,29,21,4.003,5.049291,恐惧/an
8974,356,25,21,4.0014,4.687807,口/q
5752,384,21,20,4.5572,4.38793,升起/v
5588,119,81,20,4.6635,8.64486,脸色/n
11065,270,36,20,3.5275,5.479678,一般/a
8337,291,30,20,4.2875,5.196757,身后/f
11478,351,27,20,3.3893,4.700241,一张/m
11274,102,117,19,3.5257,9.877485,现在/t
4978,416,19,19,4.9389,4.216792,倒下/v
11431,302,32,19,3.416,5.12687,身边/s
11055,374,24,19,3.5448,4.479196,一块/m
12764,265,39,19,3.1284,5.530842,之/u
9027,314,29,19,3.9449,5.035487,转/v
12562,205,53,19,3.211,6.493921,过去/t
12592,294,34,19,3.1839,5.189313,刚才/t
9293,348,26,19,3.7685,4.72486,动/v
9032,448,19,18,3.9389,4.074685,惊/v
5120,445,18,18,4.8043,4.090799,伸出手/v
12591,293,34,18,3.1839,5.189313,大家/n
8980,340,26,18,3.9909,4.778311,向前/t
11276,107,101,18,3.5173,9.172184,但是/c
11012,149,70,18,3.5693,7.661776,父亲/n
8355,361,24,18,4.2474,4.64104,似地/d
5585,474,17,17,4.6674,3.960853,作出/v
9144,404,21,17,3.8943,4.274386,吃惊/a
5586,475,17,17,4.6674,3.960853,压低/v
9290,410,21,17,3.773,4.247352,受/v
9273,434,20,17,3.7988,4.150795,响/v
9281,369,24,17,3.7905,4.544945,里面/f
12465,194,57,17,3.2489,6.755633,·/x
9199,357,25,17,3.8702,4.658074,床上/n
12417,333,29,17,3.3102,4.842245,身子/n
8649,373,23,17,4.0255,4.501346,脚步声/n
11509,252,40,17,3.353,5.705571,离开/v
10895,330,28,17,3.603,4.856034,许多/m
8422,32,299,17,4.1795,16.337302,时候/n
4969,441,18,17,4.9812,4.10832,袭来/v
4886,462,17,16,5.1744,4.008928,枪响/vn
10870,382,23,16,3.6296,4.408351,激动/a
9200,406,21,16,3.8692,4.268979,一头/m
8359,306,29,16,4.2386,5.099902,巨大/a
10839,440,20,16,3.6344,4.112013,强烈/a
11392,272,36,16,3.4495,5.450771,它们/r
4904,465,17,16,5.1004,4.002918,发问/v
5757,453,18,16,4.5506,4.061599,向上/d
8640,352,25,16,4.048,4.697718,意外/a
5806,431,19,16,4.4953,4.165633,叫喊/v
10812,313,30,16,3.6568,5.042952,门口/s
11477,350,27,16,3.3893,4.700241,奇怪/v
4929,467,17,16,5.03,3.996909,发火/v
12446,188,59,15,3.275,6.887618,看着/v
8390,519,16,15,4.2056,3.783199,大叫/v
13409,226,48,15,3.0009,6.062742,孩子/n
11405,561,16,15,3.428,3.628341,其/r
8425,113,88,15,4.1649,8.857862,之后/f
5832,481,17,15,4.4681,3.936815,发疯/v
5878,548,15,15,4.3348,3.68106,清晰/a
8641,353,25,15,4.048,4.697718,笑声/n
12429,310,32,15,3.2904,5.078689,声/n
5876,74,148,15,4.3446,11.566742,太/d
10758,458,19,15,3.7248,4.02921,颤抖/v
10762,300,31,15,3.7192,5.145003,害怕/v
4883,493,16,15,5.2474,3.894697,刮起/v
12825,197,57,15,3.0963,6.667023,便/d
5129,531,15,14,4.7823,3.732239,袭/v
9210,570,15,14,3.8494,3.60429,提出/v
11472,207,51,14,3.3926,6.461405,于是/c
5872,544,15,14,4.3838,3.687457,两手/m
11429,249,40,14,3.4184,5.732994,（/x
11066,402,22,14,3.5275,4.283661,旁边/f
8977,495,17,14,3.996,3.864703,上来/t
11291,554,16,14,3.502,3.646924,吓了一跳/v
11514,315,31,14,3.3465,5.020399,门/n
22,489,16,14,5.5275,3.91328,发病/v
12587,447,21,14,3.188,4.07974,来到/v
12493,517,18,14,3.238,3.792957,成/v
12889,533,18,14,3.0453,3.728716,虽然/c
5619,40,243,14,4.623,14.955852,这时/r
10773,460,19,14,3.7001,4.023526,寂静/a
10785,378,23,14,3.6885,4.42385,远处/s
8987,472,18,13,3.9812,3.973998,一场/m
12894,485,20,13,3.0421,3.929181,回/v
11008,420,21,13,3.5774,4.19869,嘴/n
11036,296,32,13,3.5667,5.17943,象/n
10994,520,17,13,3.5894,3.780572,陌生/n
8981,656,13,13,3.9909,3.378776,使劲/v
11505,355,27,13,3.3618,4.690704,希望/v
5871,581,14,13,4.3873,3.562864,做出/v
12888,532,18,13,3.0453,3.728716,需要/v
11433,325,29,13,3.4115,4.879053,下去/t
10837,239,41,13,3.648,5.892343,身体/n
8976,446,19,13,3.9978,4.086053,有个/r
8599,317,28,13,4.0978,4.98246,沉默/a
12741,376,25,13,3.1458,4.435079,整个/b
10900,586,15,13,3.5979,3.553111,火/n
5804,578,14,13,4.4983,3.576108,停顿/v
10808,393,22,13,3.665,4.320639,令人/nrt
8613,371,23,13,4.077,4.511679,一口气/i
5137,572,14,13,4.7499,3.602595,巨响/vn
4977,613,13,13,4.9478,3.488728,勒住/v
12829,211,53,13,3.0912,6.425853,前/f
11454,566,16,13,3.4041,3.622147,转过身/v
11516,151,72,12,3.3449,7.650154,先生/n
8978,496,17,12,3.996,3.864703,苍白/z
11316,103,115,12,3.4834,9.764952,可是/c
5853,542,15,12,4.4344,3.693855,骚动/v
12883,398,24,12,3.0494,4.307237,那种/r
8481,336,26,12,4.1284,4.807467,一辆/m
11306,298,32,12,3.4894,5.15315,几个/m
4932,664,12,12,5.0129,3.356813,加速/v
8982,57,187,12,3.99,12.814146,却/d
10997,634,14,12,3.5876,3.430424,拍/v
12742,589,16,12,3.145,3.547815,露出/v
9203,387,22,12,3.8635,4.368182,外面/f
8361,592,14,12,4.2353,3.542998,主意/n
10768,148,69,12,3.7087,7.671281,心里/s
11329,278,35,12,3.4641,5.380001,有点/n
11320,138,76,12,3.4795,7.936208,可/v
12500,547,17,12,3.2325,3.684422,声/q
5622,537,15,12,4.5979,3.713047,刺耳/n
9040,568,15,12,3.9198,3.617085,面对/v
9302,622,14,12,3.7499,3.463534,尖叫/v
12869,793,12,12,3.0618,3.049252,猛地/d
11493,504,18,12,3.3755,3.833837,不安/a
11499,456,20,12,3.3714,4.039988,进来/v
4981,668,12,12,4.9198,3.34966,倾斜/v
12817,597,16,12,3.106,3.535427,打开/v
12765,593,16,12,3.1254,3.541621,失去/v
9297,411,21,12,3.7499,4.241945,扑/v
12866,414,23,12,3.064,4.22236,如此/c
11060,280,34,11,3.5397,5.329539,情况/n
12499,546,17,11,3.2325,3.684422,如/v
10789,678,13,11,3.6777,3.323801,闪/v
11010,304,31,11,3.5748,5.100501,前面/f
12440,490,19,11,3.279,3.90984,感情/n
5763,683,12,11,4.5275,3.313898,僵硬/a
12414,281,35,11,3.3246,5.325555,）/x
10899,585,15,11,3.5979,3.553111,紧张/a
9036,427,20,11,3.9288,4.178497,愤怒/v
5574,619,13,11,4.7134,3.468112,加快/v
12601,584,16,11,3.1649,3.55401,显得/v
9270,506,17,11,3.8076,3.828647,改变/v
4928,612,13,11,5.0353,3.4956,中风/ns
5126,735,11,11,4.7943,3.197095,受惊/v
8358,551,15,11,4.2417,3.668265,门外/s
4898,660,12,11,5.1124,3.363966,僵住/v
11404,604,15,11,3.4344,3.514726,对面/n
11293,645,14,11,3.4983,3.410558,一时/d
5842,632,13,11,4.4503,3.440624,爆发/v
11279,277,35,11,3.5099,5.396753,房间/n
12820,555,17,11,3.1004,3.642357,同时/c
5874,368,23,11,4.3665,4.563343,叫声/v
11067,403,22,10,3.5275,4.283661,好象/n
11059,297,32,10,3.5404,5.17067,目光/n
11325,807,11,10,3.4723,3.0178,沉重/a
9305,857,10,10,3.7499,2.92722,抱住/v
12898,507,19,10,3.0282,3.824576,高兴/b
9301,621,14,10,3.7499,3.463534,吹/v
23,778,10,10,5.3348,3.083925,不辞而别/i
12495,444,21,10,3.2353,4.09596,家里/s
12763,528,18,10,3.1297,3.757916,并且/c
5127,617,13,10,4.7874,3.474984,大雨/n
5124,733,11,10,4.7943,3.197095,惊吓/v
9262,573,15,10,3.8155,3.597893,桌子/n
9291,390,22,10,3.7719,4.347052,动作/n
4982,669,12,10,4.9198,3.34966,发动/vn
12819,739,13,10,3.1045,3.186361,脚/n
13410,421,23,10,3.0004,4.196528,一位/m
4885,659,12,10,5.2194,3.371118,从天而降/i
4905,723,11,10,5.0938,3.219507,发怒/v
11319,702,13,10,3.4807,3.282569,回头/v
11436,608,15,10,3.4088,3.508328,起身/v
9257,262,36,10,3.8183,5.574657,由于/c
11395,433,21,10,3.4418,4.160842,房子/n
8343,701,12,10,4.2759,3.285287,异常/d
9155,375,23,10,3.8811,4.470348,走进/v
5759,742,11,10,4.5463,3.174683,一间/m
9026,658,13,10,3.9478,3.371904,一惊/a
10874,321,29,10,3.623,4.948068,丈夫/n
8466,764,11,10,4.1504,3.129859,具有/v
8371,644,13,10,4.2279,3.413136,急促/a
10756,412,21,10,3.7272,4.236538,./m
9202,661,13,10,3.8654,3.35816,伸/v
12731,365,27,10,3.159,4.61441,或/c
5613,503,16,10,4.6344,3.838948,袭击/v
8652,605,14,10,4.0129,3.509888,不动/v
8632,268,34,10,4.0648,5.482512,中间/f
8618,828,10,10,4.0718,2.974232,掏出/v
5762,682,12,10,4.5275,3.313898,尖锐/a
9158,367,24,10,3.8754,4.565176,毫无/v
5802,478,17,10,4.5154,3.942825,高大/a
4974,787,10,9,4.9563,3.060419,出走/v
4975,788,10,9,4.9563,3.060419,震/v
4927,868,9,9,5.0453,2.90915,停步/v
9003,564,15,9,3.9563,3.623483,如同/d
12564,837,11,9,3.2093,2.958035,反应/vn
5621,536,15,9,4.5979,3.713047,脑海/n
8423,648,13,9,4.1773,3.406264,闪电/v
11401,370,25,9,3.4395,4.539143,不到/v
10780,516,17,9,3.6944,3.804609,下面/f
11061,524,17,9,3.5397,3.768553,对方/n
8389,759,11,9,4.2093,3.13733,严厉/ad
11391,704,13,9,3.4503,3.275697,熟悉/v
8975,400,21,9,3.9992,4.296013,谈话/vn
10835,320,29,9,3.6537,4.95727,所以/c
10771,859,10,9,3.7026,2.919385,说出/v
5132,419,19,9,4.7754,4.199739,话题/n
11452,363,26,9,3.4059,4.617957,马/n
10763,627,14,9,3.7159,3.456912,平静/a
11461,761,12,9,3.3962,3.135083,轻轻/d
8487,919,9,9,4.1124,2.826559,激烈/a
8472,598,14,9,4.1422,3.529754,人影/n
5877,358,24,9,4.3348,4.656213,雨/n
11289,977,9,9,3.5048,2.735709,口袋/n
11282,804,11,9,3.5089,3.025271,陷入/v
11000,637,14,9,3.5876,3.430424,某种/r
11062,469,19,9,3.5384,3.983736,周围/f
11523,508,18,9,3.3348,3.822157,对于/p
11462,762,12,9,3.3962,3.135083,引起/v
12830,599,16,9,3.0869,3.529232,见到/v
4980,667,12,9,4.9198,3.34966,下降/v
12739,526,18,9,3.1472,3.763757,别人/r
10790,679,13,9,3.6777,3.323801,令/v
12732,354,28,9,3.1535,4.696831,男人/n
8611,397,21,9,4.0833,4.312234,态度/n
11035,263,37,9,3.567,5.56952,心/n
5590,797,10,9,4.6568,3.036914,冷淡/a
9140,840,10,9,3.9019,2.950726,不由自主/i
10891,687,13,9,3.609,3.310057,大笑/v
9159,720,12,9,3.8754,3.228067,发抖/v
10894,550,16,9,3.6069,3.671702,一座/m
9204,334,27,9,3.8609,4.838524,消息/n
8340,588,14,9,4.2842,3.54962,跳动/vn
10813,439,20,9,3.6568,4.117553,爸爸/n
11322,556,16,9,3.4769,3.64073,思想/n
11486,611,15,9,3.3838,3.501931,三个/m
12868,396,24,9,3.0618,4.312294,高/a
8999,715,12,8,3.9656,3.242372,明亮/a
11001,638,14,8,3.5876,3.430424,恐怖/a
5854,1009,8,8,4.428,2.697026,响动/v
11294,646,14,8,3.4983,3.410558,了解/v
5868,747,11,8,4.402,3.159742,离去/v
11069,883,10,8,3.5275,2.888044,温柔/a
5858,1013,8,8,4.428,2.697026,刹车/n
11507,535,17,8,3.3562,3.720478,怕/v
5896,1019,8,8,4.3348,2.688266,冲着/p
11491,534,17,8,3.3779,3.726488,那位/r
11457,815,11,8,3.402,3.002859,低声/n
5898,1021,8,8,4.3348,2.688266,惨白/z
5892,906,9,8,4.3348,2.851337,毛病/n
5890,904,9,8,4.3348,2.851337,亮光/n
5889,903,9,8,4.3348,2.851337,缩/v
5870,695,12,8,4.3962,3.299592,热/a
12901,511,19,8,3.0129,3.818892,哪里/r
12899,225,48,8,3.0189,6.073471,?/x
5098,982,8,8,4.8754,2.732066,仰起/v
9282,725,12,8,3.7905,3.213762,客厅/n
9298,575,15,8,3.7499,3.585098,这话/r
12854,343,29,8,3.0739,4.745623,今天/t
12832,1181,8,8,3.0869,2.495544,全都/n
5096,980,8,8,4.8754,2.732066,倒地/n
5123,881,9,8,4.8043,2.892632,发亮/v
5130,257,34,8,4.7784,5.618489,脑子里/n
9300,620,14,8,3.7499,3.463534,学生/n
11437,893,10,8,3.4088,2.864538,听说/v
12761,244,43,8,3.1317,5.809297,如果/c
9142,842,10,8,3.9019,2.950726,决心/v
9143,843,10,8,3.9019,2.950726,无比/v
12585,127,87,8,3.1928,8.307322,怎么/r
12441,515,18,8,3.2759,3.804637,意识/n
12426,161,66,8,3.2971,7.297524,地方/n
5833,690,12,8,4.4604,3.306745,光明/n
5808,806,10,8,4.4868,3.021243,前来/t
8653,606,14,8,4.0129,3.509888,通红/z
8644,418,20,8,4.0421,4.200658,口气/n
8645,770,11,8,4.0394,3.114918,喊叫/v
8612,653,13,8,4.0811,3.39252,少女/n
11039,288,33,8,3.5591,5.257175,世界/n
10781,543,16,8,3.691,3.690285,爱情/n
12595,845,11,8,3.1796,2.950565,声响/n
10770,786,11,8,3.7068,3.062624,一颗/m
8465,763,11,8,4.1504,3.129859,喊声/n
8349,816,10,8,4.2645,2.997737,涌/v
10816,863,10,8,3.6568,2.91155,回过/v
10777,956,9,8,3.6974,2.768746,上海/ns
12501,921,10,8,3.2305,2.825362,站住/v
8353,911,9,8,4.2568,2.843077,哭声/n
8352,910,9,8,4.2568,2.843077,昏暗/a
8432,1035,8,8,4.1649,2.670746,发烧/v
10875,492,18,8,3.6221,3.898078,回去/v
25,962,8,8,5.3348,2.758347,亮起/v
9002,563,15,8,3.9563,3.623483,开口/n
9005,835,10,8,3.9563,2.958561,冷静/a
4889,967,8,8,5.1649,2.749586,加重/v
9292,347,26,8,3.7685,4.72486,天空/n
9309,1079,8,8,3.7499,2.618185,推开/v
24,961,8,8,5.3348,2.758347,下起/v
9278,781,11,8,3.7943,3.077565,响声/n
4968,727,11,8,4.9869,3.212036,钻出来/v
4926,867,9,8,5.0453,2.90915,兴起/v
9311,1081,8,8,3.7499,2.618185,抬起头来/l
4972,1120,7,7,4.9723,2.561467,变卦/v
9303,674,13,7,3.7499,3.337544,石头/n
12902,512,19,7,3.0129,3.818892,喝/vg
12890,1058,9,7,3.0453,2.636601,微微/d
9285,673,13,7,3.7874,3.344416,手中/s
10764,675,13,7,3.7134,3.330673,脚下/f
4895,134,71,7,5.127,8.185027,来得/v
28,1107,7,7,5.3348,2.580197,一站/m
27,1106,7,7,5.3348,2.580197,停息/v
26,1105,7,7,5.3348,2.580197,雨来/t
4892,1110,7,7,5.1422,2.570832,亮出/v
4893,1111,7,7,5.1422,2.570832,升高/v
12571,1152,8,7,3.2056,2.521824,光芒/n
12573,206,53,7,3.1986,6.487114,可能/v
5614,994,8,7,4.6344,2.714546,恶心/n
12502,922,10,7,3.2305,2.825362,不得不/d
12448,829,11,7,3.2707,2.972976,般的/u
10842,1092,8,7,3.6344,2.600665,难以/d
10819,866,10,7,3.6568,2.91155,愿望/v
12423,915,10,7,3.2992,2.841032,两只/m
5758,741,11,7,4.5463,3.174683,火光/n
11532,1277,7,7,3.3348,2.383534,剩下/v
10995,521,17,7,3.5894,3.780572,只见/v
10890,383,23,7,3.6105,4.403184,一眼/m
9045,940,9,7,3.9198,2.801782,遭到/v
9206,942,9,7,3.8609,2.793523,地下/s
9163,1065,8,7,3.8754,2.635705,一丝/m
12737,848,11,7,3.1504,2.943094,特别/d
5579,1131,7,7,4.6828,2.542737,抽搐/v
5140,987,8,7,4.7499,2.723306,剧烈地/n
12600,349,28,7,3.1649,4.701513,问题/n
12577,930,10,7,3.1973,2.817527,一口/m
10782,1086,8,7,3.691,2.609425,一齐/d
10784,1088,8,7,3.691,2.609425,加/v
11051,1249,7,7,3.5572,2.420993,指着/v
11014,591,15,7,3.5693,3.546713,或是/c
11016,878,10,7,3.5693,2.895879,大吃一惊/i
11037,743,12,7,3.5623,3.170846,原因/n
10998,635,14,7,3.5876,3.430424,敌人/n
8993,1194,7,7,3.9723,2.477183,凑/v
11295,647,14,7,3.4983,3.410558,身旁/s
11281,803,11,7,3.5089,3.025271,睁/v
11525,821,11,7,3.3348,2.987918,不幸/a
11519,216,49,7,3.3348,6.306237,时/ng
5864,808,10,7,4.4088,3.013408,攻击/v
5855,1010,8,7,4.428,2.697026,丧失/v
5856,1011,8,7,4.428,2.697026,睡梦中/n
5851,1148,7,7,4.4418,2.524007,切断/v
11506,569,16,7,3.3576,3.609759,)/x
11508,484,19,7,3.3539,3.932577,间/f
11278,700,13,7,3.5117,3.289441,外/f
5894,1017,8,7,4.3348,2.688266,惊喜/a
5882,640,13,7,4.3348,3.42688,关上/s
8475,1175,7,7,4.1422,2.495913,兴致/v
11308,887,10,7,3.4868,2.880209,一动不动/l
11432,391,23,7,3.4155,4.346354,儿子/n
8362,1159,7,7,4.2353,2.505278,哇/y
8345,755,11,7,4.2707,3.144801,古怪/a
8346,756,11,7,4.2707,3.144801,掠过/v
8429,1032,8,7,4.1649,2.670746,退/v
8372,438,19,7,4.2252,4.125843,人群/n
11403,243,41,7,3.435,5.811082,然而/c
10775,954,9,7,3.6974,2.768746,响亮/a
10765,676,13,7,3.7134,3.330673,眼里/s
10772,459,19,7,3.7001,4.023526,脑袋/n
9236,114,90,7,3.8437,8.82606,为什么/r
9238,477,18,7,3.8323,3.944798,空中/s
9249,455,19,7,3.8279,4.051947,绝望/v
9250,665,13,7,3.8258,3.351288,冷/a
5118,1124,7,7,4.8203,2.552102,下定决心/l
5122,880,9,7,4.8043,2.892632,光临/v
4983,873,9,7,4.9198,2.900891,失踪/v
12818,186,61,7,3.1057,6.902943,正在/t
12850,559,17,7,3.0825,3.636347,德/ns
12897,567,17,6,3.03,3.618319,终于/d
12895,650,15,6,3.0323,3.399572,而是/c
9318,1222,7,6,3.7499,2.449088,抽/v
9315,1219,7,6,3.7499,2.449088,扎/v
12834,1183,8,6,3.0869,2.495544,低/a
12858,947,10,6,3.0718,2.786186,快乐/a
12748,784,12,6,3.1384,3.07071,耳朵/n
9310,1080,8,6,3.7499,2.618185,现实/n
5887,752,11,6,4.3348,3.152271,奔跑/v
11453,565,16,6,3.4041,3.622147,大/n
11460,760,12,6,3.3962,3.135083,美丽/ns
5873,545,15,6,4.3838,3.687457,歌声/n
11331,984,9,6,3.4604,2.72745,少/a
11430,990,9,6,3.4173,2.719191,转向/v
8347,757,11,6,4.2707,3.144801,进攻/v
11428,409,22,6,3.4192,4.251966,电话/n
8363,1160,7,6,4.2353,2.505278,啪/o
5640,1330,6,6,4.5979,2.348337,变故/n
12570,1151,8,6,3.2056,2.521824,撞/v
11409,1114,8,6,3.428,2.565625,视线/n
5879,549,15,6,4.3348,3.68106,新月/t
12593,429,22,6,3.1796,4.172728,张/q
5886,751,11,6,4.3348,3.152271,耳边/s
5883,698,12,6,4.3348,3.29244,遥远/a
5880,583,14,6,4.3348,3.556242,眼神/n
5888,902,9,6,4.3348,2.851337,猛烈/a
12466,1140,8,6,3.2474,2.530585,放下/v
12464,721,13,6,3.2539,3.227593,椅子/n
11053,969,9,6,3.5506,2.743969,办公室/n
11050,1248,7,6,3.5572,2.420993,大喊/v
5769,1006,8,6,4.5275,2.705786,怒吼/v
5767,1004,8,6,4.5275,2.705786,笑了起来/l
11307,601,15,6,3.4868,3.527521,那时/r
11488,1122,8,6,3.3806,2.556865,安静/nr
11500,898,10,6,3.3714,2.856703,副/b
8474,1174,7,6,4.1422,2.495913,不好意思/a
8476,1176,7,6,4.1422,2.495913,脾气/n
11303,748,12,6,3.4935,3.156541,泪水/n
8479,1179,7,6,4.1422,2.495913,微弱/a
11510,413,22,6,3.3513,4.230836,妻子/n
10889,872,10,6,3.6124,2.903714,妹妹/n
9042,717,12,6,3.9198,3.235219,头顶/n
5615,995,8,6,4.6344,2.714546,凉/v
9004,834,10,6,3.9563,2.958561,出门/v
12509,386,24,6,3.2194,4.372986,姑娘/n
9147,1205,7,6,3.8943,2.467818,河/ns
9156,332,27,6,3.8803,4.843292,心情/n
12574,629,15,6,3.1973,3.450751,上面/f
5141,988,8,6,4.7499,2.723306,变大/v
5097,981,8,6,4.8754,2.732066,战栗/n
12773,1052,9,6,3.1124,2.653119,成为/v
8467,765,11,6,4.1504,3.129859,水面/n
4933,971,8,6,5.0129,2.740826,大风/n
10840,1090,8,6,3.6344,2.600665,两眼/m
10817,864,10,6,3.6568,2.91155,个人/n
12824,1348,7,6,3.0978,2.336709,很大/a
12814,379,25,6,3.1083,4.420213,夫人/n
5582,1134,7,6,4.6828,2.542737,冷清/nr
5581,1133,7,6,4.6828,2.542737,沙哑/n
5589,796,10,6,4.6568,3.036914,查尔斯/nr
5587,476,17,6,4.6674,3.960853,门前/s
9269,505,17,6,3.8076,3.828647,下午/t
9277,780,11,6,3.7943,3.077565,俩/m
5095,979,8,6,4.8754,2.732066,冷笑/nr
12772,1051,9,6,3.1124,2.653119,要求/v
11063,424,21,6,3.5373,4.187877,走到/v
10761,541,16,6,3.7201,3.696479,家伙/n
10760,540,16,6,3.7201,3.696479,内心/n
8651,529,16,6,4.0129,3.752228,永久/d
4970,1118,7,6,4.9723,2.561467,欢呼声/i
5580,1132,7,6,4.6828,2.542737,不作声/n
8616,826,10,6,4.0718,2.974232,使得/v
10999,636,14,6,3.5876,3.430424,呼吸/v
12491,833,11,6,3.2397,2.965506,人家/n
12461,491,19,6,3.2608,3.904156,来说/u
9213,850,10,6,3.8494,2.942891,窗口/s
5577,885,9,6,4.6974,2.884373,更纱/v
9207,454,19,6,3.8548,4.057632,汽车/n
9209,432,20,6,3.8494,4.161876,久/a
5147,1310,6,6,4.7499,2.358452,发红/v
5146,1309,6,6,4.7499,2.358452,倒塌/v
11040,641,14,6,3.5572,3.423802,眼光/n
8637,1191,7,6,4.0547,2.486548,之/f
11529,1127,8,6,3.3348,2.548105,乱/d
12419,822,11,6,3.3024,2.980447,黑/a
5840,1346,6,6,4.4604,2.338222,厉声/d
5866,810,10,6,4.4088,3.013408,事件/n
11015,877,10,6,3.5693,2.895879,其中/r
8617,827,10,6,4.0718,2.974232,小孩子/n
11003,795,11,6,3.5848,3.040212,童霜威/nr
5753,577,14,5,4.5572,3.58273,房门/n
10884,1236,7,5,3.6186,2.430358,弟弟/n
5751,801,10,5,4.5693,3.029078,转动/v
5639,1329,6,5,4.5979,2.348337,减少/v
5895,1018,8,5,4.3348,2.688266,响/zg
5632,1322,6,5,4.5979,2.348337,一跃而起/i
12589,1312,7,5,3.188,2.355439,不由得/d
9316,1220,7,5,3.7499,2.449088,一动/d
9317,1221,7,5,3.7499,2.449088,一脸/m
12766,594,16,5,3.1254,3.541621,出去/v
12762,527,18,5,3.1297,3.757916,要是/c
12771,309,33,5,3.1124,5.080335,!/x
9312,1082,8,5,3.7499,2.618185,摸/v
29,1272,6,5,5.3348,2.388798,不告而别/i
5637,1327,6,5,4.5979,2.348337,停车/v
5893,1016,8,5,4.3348,2.688266,曹青娥/nr
5901,1156,7,5,4.3348,2.514642,体会/n
8357,1025,8,5,4.2474,2.679506,沉闷/a
11399,1265,7,5,3.4418,2.402264,轻松/a
11396,651,14,5,3.4418,3.397314,唱/v
8364,1161,7,5,4.2353,2.505278,冲向/v
12735,732,13,5,3.1526,3.200105,风/n
12745,1335,7,5,3.1422,2.346074,飞/v
8996,1197,7,5,3.9723,2.477183,剧烈/a
8995,1196,7,5,3.9723,2.477183,吼/v
8990,195,52,5,3.98,6.754117,后来/t
12442,774,12,5,3.2759,3.106473,梦/n
8656,1049,8,5,4.0129,2.653226,大夫/n
12430,616,15,5,3.2875,3.476341,水/n
11286,974,9,5,3.5048,2.735709,一段/m
11487,1121,8,5,3.3806,2.556865,茫然/z
11501,899,10,5,3.3714,2.856703,大门/n
11495,1000,9,5,3.3755,2.710932,把手/v
11285,973,9,5,3.5048,2.735709,死亡/v
11296,1252,7,5,3.4983,2.411628,:/x
11275,264,37,5,3.5219,5.553227,以后/f
5848,1145,7,5,4.4418,2.524007,般地/u
8488,920,9,5,4.1124,2.826559,野兽/n
11304,749,12,5,3.4935,3.156541,鼻子/n
12510,518,18,5,3.2194,3.787117,微笑/vn
12504,924,10,5,3.2305,2.825362,走廊/n
5617,997,8,5,4.6344,2.714546,目瞪口呆/i
12498,1304,7,5,3.2353,2.364804,地板/n
12565,838,11,5,3.2093,2.958035,那边/r
12511,626,15,5,3.2194,3.457149,担心/v
9006,836,10,5,3.9563,2.958561,刹那间/t
9028,530,16,5,3.9425,3.739839,沉思/a
9041,716,12,5,3.9198,3.235219,心头/s
9035,426,20,5,3.9288,4.178497,常常/d
10876,1228,7,5,3.6186,2.430358,浮现/v
10871,582,15,5,3.627,3.559508,娜/x
10885,1237,7,5,3.6186,2.430358,．/x
10879,1231,7,5,3.6186,2.430358,凝视着/n
10880,1232,7,5,3.6186,2.430358,清醒/a
9029,1055,8,5,3.9425,2.644466,病人/n
12596,846,11,5,3.1796,2.950565,理解/v
12575,630,15,5,3.1973,3.450751,女儿/n
12576,929,10,5,3.1973,2.817527,注视/v
9150,385,22,5,3.8874,4.373464,随后/d
10787,1225,7,5,3.6828,2.439723,后悔/v
9160,1062,8,5,3.8754,2.635705,词/n
11056,696,13,5,3.5434,3.296313,一群/m
5121,879,9,5,4.8043,2.892632,哈哈大笑/l
11048,1246,7,5,3.5572,2.420993,拥抱/v
11047,1245,7,5,3.5572,2.420993,右手/n
11043,1241,7,5,3.5572,2.420993,卧室/n
5861,897,9,5,4.4173,2.859596,弹/v
8646,771,11,5,4.0394,3.114918,前方/f
11057,697,13,5,3.5434,3.296313,危险/an
11046,1244,7,5,3.5572,2.420993,事实/n
11522,486,19,5,3.3348,3.926893,回家/n
5094,978,8,5,4.8754,2.732066,高烧/v
4984,1295,6,5,4.9198,2.368568,两颊/n
10843,1093,8,5,3.6344,2.600665,勇气/n
9288,482,18,5,3.7768,3.933118,病/n
4987,1298,6,5,4.9198,2.368568,打住/v
4985,1296,6,5,4.9198,2.368568,怒/vg
5138,985,8,5,4.7499,2.723306,一阵风/l
8354,912,9,5,4.2568,2.843077,嗓音/n
9162,1064,8,5,3.8754,2.635705,震动/vn
10844,1094,8,5,3.6344,2.600665,热情/n
9267,1074,8,5,3.8113,2.626945,卖/v
9211,571,15,5,3.8494,3.60429,般/u
10778,957,9,5,3.6974,2.768746,墙上/s
9268,1075,8,5,3.8113,2.626945,天上/s
10783,1087,8,5,3.691,2.609425,嚷/v
9255,1215,7,5,3.8203,2.458453,女孩子/n
5610,623,13,4,4.643,3.46124,奇迹/n
5145,1308,6,4,4.7499,2.358452,叫喊声/i
9266,1073,8,4,3.8113,2.626945,旅行/vn
9264,1071,8,4,3.8113,2.626945,威胁/vn
9265,1072,8,4,3.8113,2.626945,讲话/n
9237,388,22,4,3.8401,4.362899,音乐/n
9286,538,16,4,3.7803,3.708867,船/n
9287,539,16,4,3.7803,3.708867,屋里/s
10818,865,10,4,3.6568,2.91155,屋子/n
9201,500,17,4,3.8677,3.840666,森林/n
8424,212,46,4,4.1719,6.40605,有时/r
8427,1030,8,4,4.1649,2.670746,颤动/v
8430,1033,8,4,4.1649,2.670746,惊愕/a
12816,596,16,4,3.106,3.535427,睡/v
12827,855,11,4,3.0938,2.928153,解释/v
12828,643,15,4,3.092,3.418764,句/q
4990,1301,6,4,4.9198,2.368568,虚弱/a
5100,791,10,4,4.8494,3.052584,中途/b
5119,1125,7,4,4.8203,2.552102,脑海中/l
9319,1223,7,4,3.7499,2.449088,教室/n
9274,852,10,4,3.7988,2.935055,随即/d
8639,108,94,4,4.0502,9.110133,一天/m
8643,928,9,4,4.0453,2.8183,速度/n
8654,831,10,4,4.0129,2.966396,教堂/n
8633,443,19,4,4.0592,4.097422,院子/n
11042,1240,7,4,3.5572,2.420993,抬头/v
8615,825,10,4,4.0718,2.974232,打击/v
12416,614,15,4,3.311,3.482739,是因为/c
11524,820,11,4,3.3348,2.987918,街上/s
5850,1147,7,4,4.4418,2.524007,狮子/n
5857,1012,8,4,4.428,2.697026,亚历山德罗/ns
5859,895,9,4,4.4173,2.859596,开来/v
5860,896,9,4,4.4173,2.859596,丽达/nr
5867,746,11,4,4.402,3.159742,博士/n
11005,1098,8,4,3.58,2.591905,感/v
11009,693,13,4,3.5758,3.303185,影子/n
8992,609,14,4,3.9723,3.503266,窗户/n
8984,423,20,4,3.9843,4.189578,那天/r
8989,933,9,4,3.9812,2.810041,挺/d
10893,689,13,4,3.609,3.310057,存在/v
10901,964,9,4,3.5979,2.752228,醒来/v
8657,1050,8,4,4.0129,2.653226,叹息/v
12434,1287,7,4,3.2842,2.374169,多年/m
12435,1288,7,4,3.2842,2.374169,愉快/a
12438,1291,7,4,3.2842,2.374169,自由/a
12422,914,10,4,3.2992,2.841032,座/q
12431,662,14,4,3.2842,3.357582,者/k
5835,1341,6,4,4.4604,2.338222,黑影/n
5755,1139,7,4,4.5572,2.533372,固执/a
5845,580,14,4,4.4418,3.569486,飞机/n
5847,1144,7,4,4.4418,2.524007,一夜之间/i
8486,713,12,4,4.1124,3.26383,旁/f
11300,1256,7,4,3.4983,2.411628,伤心/n
11070,1104,8,4,3.5275,2.583145,屋子里/n
11283,805,11,4,3.5089,3.025271,附近/f
11497,480,19,4,3.3733,3.938262,总是/c
11502,818,11,4,3.368,2.995388,朵夫/nrt
11503,767,12,4,3.3652,3.127931,四周/m
5838,1344,6,4,4.4604,2.338222,卡洛斯/nr
11481,1269,7,4,3.3873,2.392899,互相/d
11483,1271,7,4,3.3873,2.392899,醒/v
11489,1123,8,4,3.3806,2.556865,挣扎/v
5891,905,9,4,4.3348,2.851337,意想不到/l
10886,442,20,4,3.6124,4.106472,狗/n
10892,688,13,4,3.609,3.310057,楼梯/n
9141,841,10,4,3.9019,2.950726,一名/m
9033,775,11,4,3.9363,3.099977,叶子/nr
9034,776,11,4,3.9363,3.099977,青年/t
10873,794,11,4,3.6243,3.047683,国王/n
5628,1318,6,4,4.5979,2.348337,划破/v
12513,1027,9,4,3.2194,2.677896,二/m
5616,996,8,4,4.6344,2.714546,神甫/nr
12503,923,10,4,3.2305,2.825362,主人/n
12449,830,11,4,3.2707,2.972976,某个/r
10815,862,10,4,3.6568,2.91155,伯爵/nr
9148,1206,7,4,3.8943,2.467818,双臂/n
10788,1226,7,4,3.6828,2.439723,兔子/n
10807,326,28,4,3.6665,4.874764,心中/s
12597,729,13,4,3.1773,3.206977,老师/n
12588,1311,7,4,3.188,2.355439,弯/v
12594,844,11,4,3.1796,2.950565,一步/m
5754,1138,7,4,4.5572,2.533372,嗓门/n
12572,1153,8,4,3.2056,2.521824,面孔/n
5633,1323,6,4,4.5979,2.348337,痉挛/vn
5634,1324,6,4,4.5979,2.348337,棺材/n
5635,1325,6,4,4.5979,2.348337,焦虑/a
5899,1154,7,4,4.3348,2.514642,蓝眼睛/n
5885,750,11,4,4.3348,3.152271,车/zg
8420,595,14,4,4.188,3.536376,片刻/m
8421,917,9,4,4.1828,2.834818,次郎/n
11406,758,12,4,3.428,3.142236,怀里/s
11323,557,16,4,3.4769,3.64073,老人/n
8605,1042,8,4,4.0869,2.661986,一幕/m
8608,1045,8,4,4.0869,2.661986,勇敢/a
11410,1115,8,4,3.428,2.565625,厨房/n
8339,587,14,4,4.2842,3.54962,窗外/s
12744,1334,7,4,3.1422,2.346074,不住/v
12604,935,10,4,3.1649,2.809691,克利斯/nr
12833,1182,8,4,3.0869,2.495544,关于/p
4899,1283,6,4,5.1124,2.378683,亲近/d
12857,946,10,4,3.0718,2.786186,穿过/v
30,1273,6,4,5.3348,2.388798,冷冰冰/nr
16,1257,6,4,5.9198,2.409029,语塞/n
12903,703,14,4,3.0129,3.278118,工作/vn
12904,1068,9,4,3.0129,2.628341,表示/v
9304,785,11,4,3.7499,3.070094,深处/s
9307,952,9,4,3.7499,2.777005,莫名其妙/i
12891,1059,9,4,3.0453,2.636601,女/b
12892,1060,9,4,3.0453,2.636601,只能/v
12893,1061,9,4,3.0453,2.636601,力量/n
12867,415,23,3,3.064,4.22236,这儿/r
12885,1186,8,3,3.0494,2.486784,昨天/t
9314,1218,7,3,3.7499,2.449088,疯/v
10759,513,17,3,3.7219,3.810619,空气/n
9313,1083,8,3,3.7499,2.618185,跟前/f
11398,1264,7,3,3.4418,2.402264,漆黑/z
11393,890,10,3,3.4473,2.872373,街道/n
11397,1263,7,3,3.4418,2.402264,状态/n
11326,649,14,3,3.4698,3.403936,警察/v
8609,1046,8,3,4.0869,2.661986,鸟/zg
11455,813,11,3,3.402,3.002859,进行/v
11456,814,11,3,3.402,3.002859,眼泪/n
11479,655,14,3,3.3873,3.38407,年轻人/n
8468,766,11,3,4.1504,3.129859,接近/v
8433,1036,8,3,4.1649,2.670746,运动/vn
12826,854,11,3,3.0938,2.928153,进入/v
8428,1031,8,3,4.1649,2.670746,哭泣/v
8426,1029,8,3,4.1649,2.670746,气氛/n
8600,602,14,3,4.0978,3.523132,语气/n
8601,768,11,3,4.0938,3.122389,心脏/n
5849,1146,7,3,4.4418,2.524007,阴暗/a
5869,694,12,3,4.3962,3.299592,凛子/a
8470,464,18,3,4.1472,4.003199,如今/t
8478,1178,7,3,4.1422,2.495913,楼上/s
11298,1254,7,3,3.4983,2.411628,阴影/n
11288,976,9,3,3.5048,2.735709,亨利/nrt
11058,173,60,3,3.5413,7.080631,」/x
5764,684,12,3,4.5275,3.313898,电灯/n
8610,1047,8,3,4.0869,2.661986,家中/s
11054,800,11,3,3.5463,3.032741,结果/n
11528,1126,8,3,3.3348,2.548105,之下/f
11531,1276,7,3,3.3348,2.383534,众人/n
11513,329,29,3,3.3473,4.856048,晚上/t
11535,1280,7,3,3.3348,2.383534,巴黎/ns
11494,999,9,3,3.3755,2.710932,血/n
11068,552,16,3,3.5275,3.653119,马车/n
11290,553,16,3,3.502,3.646924,路上/s
5884,699,12,3,4.3348,3.29244,安娜/nr
8373,248,37,3,4.2224,5.756894,这时候/r
8366,1163,7,3,4.2353,2.505278,星星/nz
8369,1166,7,3,4.2353,2.505278,不远处/s
8367,1164,7,3,4.2353,2.505278,幽灵/n
12436,1289,7,3,3.2842,2.374169,双眼/m
8655,832,10,3,4.0129,2.966396,说不定/l
10991,323,29,3,3.5929,4.938866,表情/n
10903,966,9,3,3.5979,2.752228,士兵/n
12421,824,11,3,3.3024,2.980447,干什么/l
12432,663,14,3,3.2842,3.357582,刚刚/d
5770,1007,8,3,4.5275,2.705786,深渊/ns
5766,1003,8,3,4.5275,2.705786,老几/n
12568,1149,8,3,3.2056,2.521824,./x
12569,1150,8,3,3.2056,2.521824,忍不住/v
12590,1313,7,3,3.188,2.355439,距离/n
12602,779,12,3,3.1649,3.077863,随着/p
5142,1305,6,3,4.7499,2.358452,活跃/vn
9146,1204,7,3,3.8943,2.467818,舌头/n
9145,1203,7,3,3.8943,2.467818,正如/v
10791,737,12,3,3.6719,3.192304,头脑/n
9283,726,12,3,3.7905,3.213762,前进/v
10845,1095,8,3,3.6344,2.600665,一家/m
9165,1067,8,3,3.8754,2.635705,初枝/n
9212,849,10,3,3.8494,2.942891,火车/n
9161,1063,8,3,3.8754,2.635705,想不到/l
10887,870,10,3,3.6124,2.903714,到达/v
9030,1056,8,3,3.9425,2.644466,景象/n
5629,1319,6,3,4.5979,2.348337,激情/n
11007,1100,8,3,3.58,2.591905,震惊/v
12450,918,10,3,3.2645,2.833197,地面/n
12512,1026,9,3,3.2194,2.677896,处/n
12747,1337,7,3,3.1422,2.346074,笑容/n
12734,731,13,3,3.1526,3.200105,结束/v
12852,1054,9,3,3.0785,2.64486,疯狂/a
12859,948,10,3,3.0718,2.786186,脖子/n
4891,1109,7,3,5.1422,2.570832,开朗/ns
9261,219,45,3,3.8155,6.231733,一会儿/m
10776,955,9,3,3.6974,2.768746,船长/n
12605,1157,8,3,3.1649,2.513064,或许/d
4901,1285,6,3,5.1124,2.378683,出面/n
12855,944,10,3,3.0718,2.786186,走出/v
9254,1214,7,3,3.8203,2.458453,边上/s
9253,1213,7,3,3.8203,2.458453,出发/v
9252,1212,7,3,3.8203,2.458453,交谈/v
10878,1230,7,3,3.6186,2.430358,模样/n
8986,471,18,3,3.9812,3.973998,早晨/t
8983,773,11,3,3.9869,3.107447,内/n
10888,871,10,3,3.6124,2.903714,第二天/m
8994,1195,7,3,3.9723,2.477183,耀眼/a
11045,1243,7,2,3.5572,2.420993,山谷/n
11041,1239,7,2,3.5572,2.420993,角色/n
11049,1247,7,2,3.5572,2.420993,靠近/v
8483,523,16,2,4.1254,3.770811,象/v
8477,1177,7,2,4.1422,2.495913,环境/n
11485,610,15,2,3.3838,3.501931,幸福/a
8473,1173,7,2,4.1422,2.495913,蒂/nrt
11287,975,9,2,3.5048,2.735709,回忆/v
8392,819,10,2,4.1973,2.989902,机器/n
5897,1020,8,2,4.3348,2.688266,脸庞/n
5900,1155,7,2,4.3348,2.514642,沮丧/a
9306,951,9,2,3.7499,2.777005,内/f
5139,986,8,2,4.7499,2.723306,鬼魂/n
12462,666,14,2,3.2596,3.35096,年/m
11534,1279,7,2,3.3348,2.383534,喉咙/n
11526,907,10,2,3.3348,2.848868,走近/v
5839,1345,6,2,4.4604,2.338222,遗忘/v
8634,1188,7,2,4.0547,2.486548,颜色/n
8485,394,21,2,4.1124,4.317641,想着/v
8602,1039,8,2,4.0869,2.661986,过于/v
8606,1043,8,2,4.0869,2.661986,几分钟/m
8603,1040,8,2,4.0869,2.661986,转变/v
8604,1041,8,2,4.0869,2.661986,台阶/n
12865,603,16,2,3.0681,3.523038,就要/d
8341,642,13,2,4.2804,3.420008,斯佳丽/nr
8431,1034,8,2,4.1649,2.670746,花园里/nr
12774,1053,9,2,3.1124,2.653119,家霆/n
12740,1048,9,2,3.1472,2.661378,以及/c
4900,1284,6,2,5.1124,2.378683,大军/n
31,1274,6,2,5.3348,2.388798,志向/n
12831,789,12,2,3.0869,3.056405,等待/v
5584,677,12,2,4.6719,3.328203,脑/n
5576,884,9,2,4.6974,2.884373,废墟/n
12768,1169,8,2,3.1254,2.504304,机会/n
5578,1130,7,2,4.6828,2.542737,他时/r
9154,452,19,2,3.8823,4.063316,一瞬间/m
10814,861,10,2,3.6568,2.91155,此/r
9205,941,9,2,3.8609,2.793523,队伍/n
5144,1307,6,2,4.7499,2.358452,宛如/v
10846,1096,8,2,3.6344,2.600665,形象/n
5583,1135,7,2,4.6828,2.542737,角斗士/n
10779,958,9,2,3.6974,2.768746,走向/v
10805,380,23,2,3.6686,4.418684,正要/a
11006,1099,8,2,3.58,2.591905,那双/r
12463,1022,9,2,3.2568,2.686155,怎么办/l
9279,782,11,2,3.7943,3.077565,城市/ns
10841,1091,8,2,3.6344,2.600665,兵/n
9299,576,15,2,3.7499,3.585098,一会/m
11013,590,15,2,3.5693,3.546713,灯光/n
12497,1303,7,2,3.2353,2.364804,斯/nr
5625,889,9,2,4.5979,2.876114,半夜/m
9153,451,19,2,3.8823,4.063316,情绪/n
9149,1207,7,2,3.8943,2.467818,火焰/n
8997,1198,7,2,3.9723,2.477183,冬天/t
12433,1286,7,2,3.2842,2.374169,心灵/n
5836,1342,6,2,4.4604,2.338222,掌声/n
5834,1340,6,2,4.4604,2.338222,猎人/n
5768,1005,8,2,4.5275,2.705786,数/m
5803,892,9,2,4.5048,2.867855,而后/c
5624,888,9,2,4.5979,2.876114,秦震/nr
10882,1234,7,2,3.6186,2.430358,瞬间/t
9001,562,15,2,3.9563,3.623483,身影/n
12437,1290,7,2,3.2842,2.374169,神秘/a
12420,823,11,2,3.3024,2.980447,故事/n
12425,487,19,2,3.2974,3.915524,远/a
12427,514,18,2,3.2953,3.810477,路/n
12496,1302,7,2,3.2353,2.364804,法国/ns
10902,965,9,2,3.5979,2.752228,动物/n
8979,560,15,2,3.9938,3.62988,某/r
11038,744,12,2,3.5623,3.170846,瓦斯科/nr
9043,938,9,2,3.9198,2.801782,女子/n
9271,949,9,1,3.8043,2.785264,睡觉/v
9308,1078,8,1,3.7499,2.618185,思考/v
12884,1185,8,1,3.0494,2.486784,车子/n
12886,1187,8,1,3.0494,2.486784,客人/n
11459,338,28,1,3.4007,4.79048,太太/n
11324,1108,8,1,3.4769,2.574385,木/n
11330,754,12,1,3.4604,3.149388,走过/v
4988,1299,6,1,4.9198,2.368568,纳迪/nz
8350,817,10,1,4.2645,2.997737,往前走/v
12822,692,14,1,3.0978,3.304606,字/n
12823,1347,7,1,3.0978,2.336709,星期/t
8351,909,9,1,4.2568,2.843077,为何/r
5125,734,11,1,4.7943,3.197095,之际/f
5136,498,16,1,4.7499,3.851337,时分/n
5846,1143,7,1,4.4418,2.524007,修平/nr
11520,269,37,1,3.3348,5.479906,生活/vn
8480,1180,7,1,4.1422,2.495913,斜坡/n
11280,802,11,1,3.5089,3.025271,日/m
5761,430,19,1,4.5384,4.171317,一半/m
8635,1189,7,1,4.0547,2.486548,莲/ng
5573,618,13,1,4.7134,3.468112,一刹那/t
5575,738,11,1,4.7068,3.189624,要不是/c
9263,1070,8,1,3.8113,2.626945,黄昏/t
9289,483,18,1,3.7768,3.933118,因/p
12603,934,10,1,3.1649,2.809691,时刻/n
5143,1306,6,1,4.7499,2.358452,冲过来/l
10806,381,23,1,3.6686,4.418684,直到/v
9259,389,22,1,3.817,4.357617,说完/v
12743,1333,7,1,3.1422,2.346074,灯/n
12767,1168,8,1,3.1254,2.504304,秀/ag
12856,945,10,1,3.0718,2.786186,关系/n
10774,953,9,1,3.6974,2.768746,往往/t
5626,1316,6,1,4.5979,2.348337,一瞬/t
11527,908,10,1,3.3348,2.848868,我会/n
8636,1190,7,1,4.0547,2.486548,王后/nr
8638,1192,7,1,4.0547,2.486548,上方/f
11299,1255,7,1,3.4983,2.411628,走来/v
11482,1270,7,1,3.3873,2.392899,王/nr
5881,639,13,1,4.3348,3.42688,天气/n
11400,1266,7,1,3.4418,2.402264,德国/ns
11408,1113,8,1,3.428,2.565625,人物/n
11407,1112,8,1,3.428,2.565625,妇女/n
11402,811,11,1,3.4367,3.010329,不久/a
8368,1165,7,1,4.2353,2.505278,李高成/nrfg
11435,607,15,1,3.4088,3.508328,夫/n
11530,1275,7,1,3.3348,2.383534,若/c
8988,932,9,1,3.9812,2.810041,他俩/r
10883,1235,7,1,3.6186,2.430358,匹/q
10996,522,17,1,3.5894,3.780572,此时/c
5627,1317,6,1,4.5979,2.348337,征兆/n
9044,939,9,1,3.9198,2.801782,普兰/nr
5636,1326,6,1,4.5979,2.348337,诺夫/nrt
9164,1066,8,1,3.8754,2.635705,顺/a